[
    {
        "nft_platform": "Anonymous Telegram Numbers",
        "nft_address": "EQAOQdwdw8kGftJCSFgOErM1mBjYPe4DBPq8-AhF6vr9si5N",
        "contract": "EQAOQdwdw8kGftJCSFgOErM1mBjYPe4DBPq8-AhF6vr9si5N",
        "average_price": 210.6915,
        "rank": 1
    },
    {
        "nft_platform": "Telegram Usernames",
        "nft_address": "EQCA14o1-VWhS2efqoh_9M1b_A9DtKTuoqfmkn83AbJzwnPi",
        "contract": "EQCA14o1-VWhS2efqoh_9M1b_A9DtKTuoqfmkn83AbJzwnPi",
        "average_price": 41.1196,
        "rank": 2
    },
    {
        "nft_platform": "Lost Dogs",
        "nft_address": "EQAl_hUCAeEv-fKtGxYtITAS6PPxuMRaQwHj0QAHeWe6ZSD0",
        "contract": "EQAl_hUCAeEv-fKtGxYtITAS6PPxuMRaQwHj0QAHeWe6ZSD0",
        "average_price": 1.4226,
        "rank": 3
    },
    {
        "nft_platform": "Market Makers",
        "nft_address": "EQBDMXqg2YcGmMnn5_bXG63y-hh_YNV0dx-ylx-vL3v_WZt4",
        "contract": "EQBDMXqg2YcGmMnn5_bXG63y-hh_YNV0dx-ylx-vL3v_WZt4",
        "average_price": 234.1600,
        "rank": 4
    },
    {
        "nft_platform": "LumCity: Wind Turbine",
        "nft_address": "EQBZZ-ELCZxDC_ASERXLrTBc1VWf3yKmZu_SKPGUo194aE16",
        "contract": "EQBZZ-ELCZxDC_ASERXLrTBc1VWf3yKmZu_SKPGUo194aE16",
        "average_price": 28.1452,
        "rank": 5
    },
    {
        "nft_platform": "Rocket Cosmonauts NFT",
        "nft_address": "EQCU3idfp--Bs5x2QId5v0ac5JOwFiKu5g1O7UIEqd9SrWUA",
        "contract": "EQCU3idfp--Bs5x2QId5v0ac5JOwFiKu5g1O7UIEqd9SrWUA",
        "average_price": 360.0000,
        "rank": 6
    },
    {
        "nft_platform": "INSECT EXCLUSIVE NFT",
        "nft_address": "EQDzqHDdRirTzfJD451d0qr_I6k_ZadRwXlNB1phnjKP0CIr",
        "contract": "EQDzqHDdRirTzfJD451d0qr_I6k_ZadRwXlNB1phnjKP0CIr",
        "average_price": 174.2000,
        "rank": 7
    },
    {
        "nft_platform": "BIG BALLS BIRDS",
        "nft_address": "EQAJZy957mjfURxDg0f_8r0wLRaV02tjE6vx6NTGIlOhBVcD",
        "contract": "EQAJZy957mjfURxDg0f_8r0wLRaV02tjE6vx6NTGIlOhBVcD",
        "average_price": 8.9280,
        "rank": 8
    },
    {
        "nft_platform": "Age of Farm",
        "nft_address": "EQCacs0fOBdHPrOuzscIFHbCytC1MfxcWGRRoqFOJTZwrNSK",
        "contract": "EQCacs0fOBdHPrOuzscIFHbCytC1MfxcWGRRoqFOJTZwrNSK",
        "average_price": 4.3934,
        "rank": 9
    },
    {
        "nft_platform": "Notcoin Pre-Market",
        "nft_address": "EQDmkj65Ab_m0aZaW8IpKw4kYqIgITw_HRstYEkVQ6NIYCyW",
        "contract": "EQDmkj65Ab_m0aZaW8IpKw4kYqIgITw_HRstYEkVQ6NIYCyW",
        "average_price": 13.8403,
        "rank": 10
    },
    {
        "nft_platform": "TON Frogs",
        "nft_address": "EQDahyr_gPkHBPbhyrvjoHGVFGGj8vXXtL7w14AV3S2JvpTF",
        "contract": "EQDahyr_gPkHBPbhyrvjoHGVFGGj8vXXtL7w14AV3S2JvpTF",
        "average_price": 50.7000,
        "rank": 11
    },
    {
        "nft_platform": "Agent IDs",
        "nft_address": "EQBPVsjvwaLnBGuwvTMDh--E0TDpeH5WzULtMJmXZ4XRIjNj",
        "contract": "EQBPVsjvwaLnBGuwvTMDh--E0TDpeH5WzULtMJmXZ4XRIjNj",
        "average_price": 42.8855,
        "rank": 12
    },
    {
        "nft_platform": "Gatto | Official NFT storage",
        "nft_address": "EQA2glKDbvezR0KZstAqNmHLEpkOHId1RYAGwza06XLCOLTl",
        "contract": "EQA2glKDbvezR0KZstAqNmHLEpkOHId1RYAGwza06XLCOLTl",
        "average_price": 1.1585,
        "rank": 13
    },
    {
        "nft_platform": "TON Rappers\uD83D\uDC8E",
        "nft_address": "EQB8UbhKKdMVbpil2xfaBgBpFsXP3MnFbh7JiQEFlPqiVrbj",
        "contract": "EQB8UbhKKdMVbpil2xfaBgBpFsXP3MnFbh7JiQEFlPqiVrbj",
        "average_price": 12.2100,
        "rank": 14
    },
    {
        "nft_platform": "Welcome to @Whale \uD83D\uDC33",
        "nft_address": "EQDd6ouTMsRayd3-3S9lqF3No3PWuRs2bbgSSju0ujgjvxHt",
        "contract": "EQDd6ouTMsRayd3-3S9lqF3No3PWuRs2bbgSSju0ujgjvxHt",
        "average_price": 6.6372,
        "rank": 15
    }
]